--------------------------------------------------------
--  File created - Tuesday-April-04-2017   
--------------------------------------------------------
--------------------------------------------------------
--  DDL for Table ASSISTE
--------------------------------------------------------

  CREATE TABLE "TESTER"."ASSISTE" 
   (	"REF_I" NUMBER, 
	"REF_C" NUMBER, 
	"MATIERE" VARCHAR2(20 BYTE)
   ) SEGMENT CREATION IMMEDIATE 
  PCTFREE 10 PCTUSED 40 INITRANS 1 MAXTRANS 255 NOCOMPRESS LOGGING
  STORAGE(INITIAL 65536 NEXT 1048576 MINEXTENTS 1 MAXEXTENTS 2147483645
  PCTINCREASE 0 FREELISTS 1 FREELIST GROUPS 1 BUFFER_POOL DEFAULT FLASH_CACHE DEFAULT CELL_FLASH_CACHE DEFAULT)
  TABLESPACE "USERS" ;
--------------------------------------------------------
--  DDL for Table CLASSE
--------------------------------------------------------

  CREATE TABLE "TESTER"."CLASSE" 
   (	"ID_CLASSE" NUMBER, 
	"NOMC" VARCHAR2(20 BYTE), 
	"CAPACITE" NUMBER(2,0), 
	"REF_NIV" VARCHAR2(5 BYTE)
   ) SEGMENT CREATION IMMEDIATE 
  PCTFREE 10 PCTUSED 40 INITRANS 1 MAXTRANS 255 NOCOMPRESS LOGGING
  STORAGE(INITIAL 65536 NEXT 1048576 MINEXTENTS 1 MAXEXTENTS 2147483645
  PCTINCREASE 0 FREELISTS 1 FREELIST GROUPS 1 BUFFER_POOL DEFAULT FLASH_CACHE DEFAULT CELL_FLASH_CACHE DEFAULT)
  TABLESPACE "USERS" ;
--------------------------------------------------------
--  DDL for Table ELEVE
--------------------------------------------------------

  CREATE TABLE "TESTER"."ELEVE" 
   (	"ID_ELEVE" NUMBER, 
	"NOM" VARCHAR2(20 BYTE), 
	"PRENOM" VARCHAR2(20 BYTE), 
	"DATENAISS" DATE, 
	"LIEUNAISS" NVARCHAR2(20), 
	"ADRESSE" VARCHAR2(40 BYTE), 
	"VILLE" VARCHAR2(20 BYTE), 
	"CODEP" NUMBER(4,0), 
	"SEX" CHAR(1 BYTE), 
	"REF_P" NUMBER, 
	"REF_NIV" VARCHAR2(5 BYTE), 
	"REF_C" NUMBER(4,0), 
	"EMAIL" VARCHAR2(30 BYTE), 
	"DATEINS" DATE
   ) SEGMENT CREATION IMMEDIATE 
  PCTFREE 10 PCTUSED 40 INITRANS 1 MAXTRANS 255 NOCOMPRESS LOGGING
  STORAGE(INITIAL 65536 NEXT 1048576 MINEXTENTS 1 MAXEXTENTS 2147483645
  PCTINCREASE 0 FREELISTS 1 FREELIST GROUPS 1 BUFFER_POOL DEFAULT FLASH_CACHE DEFAULT CELL_FLASH_CACHE DEFAULT)
  TABLESPACE "USERS" ;
--------------------------------------------------------
--  DDL for Table INST
--------------------------------------------------------

  CREATE TABLE "TESTER"."INST" 
   (	"ID" NUMBER(2,0), 
	"NOM" VARCHAR2(20 BYTE), 
	"PRENOM" VARCHAR2(20 BYTE), 
	"DATENAISS" DATE, 
	"NCIN" NUMBER(8,0), 
	"DATEEMB" DATE, 
	"SEX" CHAR(1 BYTE), 
	"IMM" NUMBER, 
	"GRADE" VARCHAR2(20 BYTE), 
	"ADRESSE" VARCHAR2(30 BYTE), 
	"VILLE" VARCHAR2(20 BYTE), 
	"CODEP" NUMBER(4,0), 
	"TEL" NUMBER(11,0), 
	"TEL2" NUMBER(11,0), 
	"EMAIL" VARCHAR2(30 BYTE)
   ) SEGMENT CREATION IMMEDIATE 
  PCTFREE 10 PCTUSED 40 INITRANS 1 MAXTRANS 255 NOCOMPRESS LOGGING
  STORAGE(INITIAL 65536 NEXT 1048576 MINEXTENTS 1 MAXEXTENTS 2147483645
  PCTINCREASE 0 FREELISTS 1 FREELIST GROUPS 1 BUFFER_POOL DEFAULT FLASH_CACHE DEFAULT CELL_FLASH_CACHE DEFAULT)
  TABLESPACE "USERS" ;
--------------------------------------------------------
--  DDL for Table NIVEAU
--------------------------------------------------------

  CREATE TABLE "TESTER"."NIVEAU" 
   (	"ID_NIV" VARCHAR2(5 BYTE), 
	"ANNEE" NUMBER(4,0), 
	"NIV" CHAR(1 BYTE)
   ) SEGMENT CREATION IMMEDIATE 
  PCTFREE 10 PCTUSED 40 INITRANS 1 MAXTRANS 255 NOCOMPRESS LOGGING
  STORAGE(INITIAL 65536 NEXT 1048576 MINEXTENTS 1 MAXEXTENTS 2147483645
  PCTINCREASE 0 FREELISTS 1 FREELIST GROUPS 1 BUFFER_POOL DEFAULT FLASH_CACHE DEFAULT CELL_FLASH_CACHE DEFAULT)
  TABLESPACE "USERS" ;
--------------------------------------------------------
--  DDL for Table PARENT
--------------------------------------------------------

  CREATE TABLE "TESTER"."PARENT" 
   (	"ID_PARENT" NUMBER(4,0), 
	"NOMP" VARCHAR2(20 BYTE), 
	"PROFP" VARCHAR2(20 BYTE), 
	"NOMM" VARCHAR2(20 BYTE), 
	"PROFM" VARCHAR2(20 BYTE), 
	"TELP" VARCHAR2(11 BYTE), 
	"EMAILP" VARCHAR2(25 BYTE)
   ) SEGMENT CREATION IMMEDIATE 
  PCTFREE 10 PCTUSED 40 INITRANS 1 MAXTRANS 255 NOCOMPRESS LOGGING
  STORAGE(INITIAL 65536 NEXT 1048576 MINEXTENTS 1 MAXEXTENTS 2147483645
  PCTINCREASE 0 FREELISTS 1 FREELIST GROUPS 1 BUFFER_POOL DEFAULT FLASH_CACHE DEFAULT CELL_FLASH_CACHE DEFAULT)
  TABLESPACE "USERS" ;
--------------------------------------------------------
--  DDL for Sequence SEQ_ID_C
--------------------------------------------------------

   CREATE SEQUENCE  "TESTER"."SEQ_ID_C"  MINVALUE 1 MAXVALUE 9999999999999999999999999999 INCREMENT BY 1 START WITH 41 CACHE 20 NOORDER  NOCYCLE ;
--------------------------------------------------------
--  DDL for Sequence SEQ_ID_E
--------------------------------------------------------

   CREATE SEQUENCE  "TESTER"."SEQ_ID_E"  MINVALUE 1 MAXVALUE 9999999999999999999999999999 INCREMENT BY 1 START WITH 151 CACHE 50 NOORDER  NOCYCLE ;
--------------------------------------------------------
--  DDL for Sequence SEQ_ID_I
--------------------------------------------------------

   CREATE SEQUENCE  "TESTER"."SEQ_ID_I"  MINVALUE 1 MAXVALUE 9999999999999999999999999999 INCREMENT BY 1 START WITH 1 CACHE 20 NOORDER  NOCYCLE ;
--------------------------------------------------------
--  DDL for Sequence SEQ_ID_P
--------------------------------------------------------

   CREATE SEQUENCE  "TESTER"."SEQ_ID_P"  MINVALUE 1 MAXVALUE 9999999999999999999999999999 INCREMENT BY 1 START WITH 151 CACHE 30 NOORDER  NOCYCLE ;
REM INSERTING into TESTER.ASSISTE
SET DEFINE OFF;
REM INSERTING into TESTER.CLASSE
SET DEFINE OFF;
Insert into TESTER.CLASSE (ID_CLASSE,NOMC,CAPACITE,REF_NIV) values (21,'ZOUHOUUUUUUR',25,'42016');
Insert into TESTER.CLASSE (ID_CLASSE,NOMC,CAPACITE,REF_NIV) values (7,'ZOUHOUR',6,'42016');
Insert into TESTER.CLASSE (ID_CLASSE,NOMC,CAPACITE,REF_NIV) values (8,'ZOUHOURA',10,'52016');
Insert into TESTER.CLASSE (ID_CLASSE,NOMC,CAPACITE,REF_NIV) values (9,'FARACHET',8,'32016');
Insert into TESTER.CLASSE (ID_CLASSE,NOMC,CAPACITE,REF_NIV) values (10,'WHITEHOOD',10,'52016');
REM INSERTING into TESTER.ELEVE
SET DEFINE OFF;
Insert into TESTER.ELEVE (ID_ELEVE,NOM,PRENOM,DATENAISS,LIEUNAISS,ADRESSE,VILLE,CODEP,SEX,REF_P,REF_NIV,REF_C,EMAIL,DATEINS) values (101,'AMEUR','AMina',to_date('04-MAR-17','DD-MON-RR'),'Mateur','RueDDF','Bizerte',1134,'F',34,'22016',10,'amine.emo@gmail.th',to_date('31-MAR-17','DD-MON-RR'));
Insert into TESTER.ELEVE (ID_ELEVE,NOM,PRENOM,DATENAISS,LIEUNAISS,ADRESSE,VILLE,CODEP,SEX,REF_P,REF_NIV,REF_C,EMAIL,DATEINS) values (-1,'AMEUR','AMINA',to_date('03-MAR-17','DD-MON-RR'),'Mateur','RueDDF','Gafsa',1234,'F',34,'22016',10,'mail.mail@mm.se',to_date('31-MAR-17','DD-MON-RR'));
Insert into TESTER.ELEVE (ID_ELEVE,NOM,PRENOM,DATENAISS,LIEUNAISS,ADRESSE,VILLE,CODEP,SEX,REF_P,REF_NIV,REF_C,EMAIL,DATEINS) values (104,'AMEUR','AMINA',to_date('10-MAR-17','DD-MON-RR'),'MATEUR','ADRESSERUEDDF','Gafsa',1245,'F',34,'22016',10,'mail@mail.aminA',to_date('31-MAR-17','DD-MON-RR'));
Insert into TESTER.ELEVE (ID_ELEVE,NOM,PRENOM,DATENAISS,LIEUNAISS,ADRESSE,VILLE,CODEP,SEX,REF_P,REF_NIV,REF_C,EMAIL,DATEINS) values (105,'GHNG','Marwe',to_date('04-MAR-17','DD-MON-RR'),'There','HereNow','Kasserine',2373,'M',34,'22016',null,'mail@marr.tn',to_date('31-MAR-17','DD-MON-RR'));
Insert into TESTER.ELEVE (ID_ELEVE,NOM,PRENOM,DATENAISS,LIEUNAISS,ADRESSE,VILLE,CODEP,SEX,REF_P,REF_NIV,REF_C,EMAIL,DATEINS) values (107,'Sahbi','Nasseur',to_date('21-MAR-91','DD-MON-RR'),'Hancha','RouteTunis','Kairouan',2454,'M',128,'22016',null,'sahbi@nasseur.tn',to_date('31-MAR-17','DD-MON-RR'));
Insert into TESTER.ELEVE (ID_ELEVE,NOM,PRENOM,DATENAISS,LIEUNAISS,ADRESSE,VILLE,CODEP,SEX,REF_P,REF_NIV,REF_C,EMAIL,DATEINS) values (52,'UNELEVE','NEFEL',to_date('21-MAR-17','DD-MON-RR'),'DADSEZ','DADEESSE','Ben Arous',1234,'F',1,'12016',null,'MAILLDE',to_date('21-MAR-17','DD-MON-RR'));
Insert into TESTER.ELEVE (ID_ELEVE,NOM,PRENOM,DATENAISS,LIEUNAISS,ADRESSE,VILLE,CODEP,SEX,REF_P,REF_NIV,REF_C,EMAIL,DATEINS) values (53,'WaHDEHDER','EAJH',to_date('21-MAR-17','DD-MON-RR'),'POPOPOPO','DZA','Gabes',2345,'F',1,'12016',null,'MAILLDEDU',to_date('21-MAR-17','DD-MON-RR'));
Insert into TESTER.ELEVE (ID_ELEVE,NOM,PRENOM,DATENAISS,LIEUNAISS,ADRESSE,VILLE,CODEP,SEX,REF_P,REF_NIV,REF_C,EMAIL,DATEINS) values (55,'Zakaria','Achour',to_date('21-MAR-17','DD-MON-RR'),'Lieudenaiss','Adresse12','Ariana',1501,'M',1,'12016',21,'thisanemail',to_date('21-MAR-17','DD-MON-RR'));
Insert into TESTER.ELEVE (ID_ELEVE,NOM,PRENOM,DATENAISS,LIEUNAISS,ADRESSE,VILLE,CODEP,SEX,REF_P,REF_NIV,REF_C,EMAIL,DATEINS) values (56,'Wakaria21','Achour2',to_date('21-MAR-17','DD-MON-RR'),'Lieudenaiss','Bdresse12','Jendouba',1501,'M',1,'12016',21,'thisanemail',to_date('21-MAR-17','DD-MON-RR'));
Insert into TESTER.ELEVE (ID_ELEVE,NOM,PRENOM,DATENAISS,LIEUNAISS,ADRESSE,VILLE,CODEP,SEX,REF_P,REF_NIV,REF_C,EMAIL,DATEINS) values (106,'Salhi','Jamel',to_date('09-MAR-00','DD-MON-RR'),'Dogga','RueBalhouane','Bizerte',1234,'M',34,'22016',21,'MAIL@gmail.salhi',to_date('31-MAR-17','DD-MON-RR'));
Insert into TESTER.ELEVE (ID_ELEVE,NOM,PRENOM,DATENAISS,LIEUNAISS,ADRESSE,VILLE,CODEP,SEX,REF_P,REF_NIV,REF_C,EMAIL,DATEINS) values (58,'ZAK','KENJELENNA',to_date('02-MAR-17','DD-MON-RR'),'LEINAU232','ADRESS21','Jendouba',1234,'F',34,'22016',21,'EIMAIL2@.',to_date('21-MAR-17','DD-MON-RR'));
REM INSERTING into TESTER.INST
SET DEFINE OFF;
Insert into TESTER.INST (ID,NOM,PRENOM,DATENAISS,NCIN,DATEEMB,SEX,IMM,GRADE,ADRESSE,VILLE,CODEP,TEL,TEL2,EMAIL) values (59,'TAREF','TRIFA',to_date('02-MAR-17','DD-MON-RR'),21543653,to_date('03-MAR-17','DD-MON-RR'),'M',21543653,'GradeMNS','Aderee23','Beja',1234,21543653,21543653,'Mail@MAIL.C');
Insert into TESTER.INST (ID,NOM,PRENOM,DATENAISS,NCIN,DATEEMB,SEX,IMM,GRADE,ADRESSE,VILLE,CODEP,TEL,TEL2,EMAIL) values (60,'RETTTE','ZEAEAZ',to_date('16-MAR-17','DD-MON-RR'),21543432,to_date('03-MAR-17','DD-MON-RR'),'M',21543623,'GradeMNS','ADRESS3','Gabes',1234,21523653,21543153,'Mail@MAIL.CCC');
Insert into TESTER.INST (ID,NOM,PRENOM,DATENAISS,NCIN,DATEEMB,SEX,IMM,GRADE,ADRESSE,VILLE,CODEP,TEL,TEL2,EMAIL) values (61,'RETTTE','ZEAEAZ',to_date('16-MAR-17','DD-MON-RR'),21543432,to_date('03-MAR-17','DD-MON-RR'),'M',21543623,'GradeMNS','ADRESS3','Gabes',1234,21523653,21543153,'Mail@MAIL.CCC');
REM INSERTING into TESTER.NIVEAU
SET DEFINE OFF;
Insert into TESTER.NIVEAU (ID_NIV,ANNEE,NIV) values ('32016',2016,'3');
Insert into TESTER.NIVEAU (ID_NIV,ANNEE,NIV) values ('62016',2016,'6');
Insert into TESTER.NIVEAU (ID_NIV,ANNEE,NIV) values ('52016',2016,'5');
Insert into TESTER.NIVEAU (ID_NIV,ANNEE,NIV) values ('42016',2016,'4');
Insert into TESTER.NIVEAU (ID_NIV,ANNEE,NIV) values ('22016',2016,'2');
Insert into TESTER.NIVEAU (ID_NIV,ANNEE,NIV) values ('12016',2016,'1');
REM INSERTING into TESTER.PARENT
SET DEFINE OFF;
Insert into TESTER.PARENT (ID_PARENT,NOMP,PROFP,NOMM,PROFM,TELP,EMAILP) values (121,'MrAMEUR','Dealer','MmeAMEUR','Cook','23435758','aminpar@yahoo.tn');
Insert into TESTER.PARENT (ID_PARENT,NOMP,PROFP,NOMM,PROFM,TELP,EMAILP) values (122,'mrAMAUR','dealer','mmAMEUR','cook','23657932','paina@gmail.tn');
Insert into TESTER.PARENT (ID_PARENT,NOMP,PROFP,NOMM,PROFM,TELP,EMAILP) values (123,'mrAMAUR','dealer','mmAMEUR','cook','23657932','paina@gmail.tn');
Insert into TESTER.PARENT (ID_PARENT,NOMP,PROFP,NOMM,PROFM,TELP,EMAILP) values (124,'mrAMAUR','dealer','mmAMEUR','cook','23657932','paina@gmail.tn');
Insert into TESTER.PARENT (ID_PARENT,NOMP,PROFP,NOMM,PROFM,TELP,EMAILP) values (125,'MrAPMER','Dealre','MmeAMEUR','COOK','23454876','amina@parents.tn');
Insert into TESTER.PARENT (ID_PARENT,NOMP,PROFP,NOMM,PROFM,TELP,EMAILP) values (126,'HBIB','Dealer','Hbiba','Mom','23762854','parents@mail.tn');
Insert into TESTER.PARENT (ID_PARENT,NOMP,PROFP,NOMM,PROFM,TELP,EMAILP) values (128,'Alala','Mrabet','Souha','Nasnessa','23454676','parents@sahbi.tn');
Insert into TESTER.PARENT (ID_PARENT,NOMP,PROFP,NOMM,PROFM,TELP,EMAILP) values (1,'GOD','GOD','MARY','VIRGIN','213','READ');
Insert into TESTER.PARENT (ID_PARENT,NOMP,PROFP,NOMM,PROFM,TELP,EMAILP) values (127,'Ameur','Prof','Amel','PDG','22988675','amel.meni@gmail.fr');
Insert into TESTER.PARENT (ID_PARENT,NOMP,PROFP,NOMM,PROFM,TELP,EMAILP) values (31,'ZAK','DEALER','ZAKA','COOK','21324994','EMAILPARENT@.');
Insert into TESTER.PARENT (ID_PARENT,NOMP,PROFP,NOMM,PROFM,TELP,EMAILP) values (32,'ALuALu','ADZAD','ALaAla','DZLAkdls','21343989','EMAILP2@.');
Insert into TESTER.PARENT (ID_PARENT,NOMP,PROFP,NOMM,PROFM,TELP,EMAILP) values (33,'ALuALu','ADZAD','ALaAla','DZLAkdls','21343989','EMAILP2@.');
Insert into TESTER.PARENT (ID_PARENT,NOMP,PROFP,NOMM,PROFM,TELP,EMAILP) values (34,'ZAKZ','DEADLER','ZAKZA','DEALER','21343989','EMAAIL@.');
--------------------------------------------------------
--  DDL for Index PARENT_PK
--------------------------------------------------------

  CREATE UNIQUE INDEX "TESTER"."PARENT_PK" ON "TESTER"."PARENT" ("ID_PARENT") 
  PCTFREE 10 INITRANS 2 MAXTRANS 255 COMPUTE STATISTICS 
  STORAGE(INITIAL 65536 NEXT 1048576 MINEXTENTS 1 MAXEXTENTS 2147483645
  PCTINCREASE 0 FREELISTS 1 FREELIST GROUPS 1 BUFFER_POOL DEFAULT FLASH_CACHE DEFAULT CELL_FLASH_CACHE DEFAULT)
  TABLESPACE "USERS" ;
--------------------------------------------------------
--  DDL for Index CLASSE_PK
--------------------------------------------------------

  CREATE UNIQUE INDEX "TESTER"."CLASSE_PK" ON "TESTER"."CLASSE" ("ID_CLASSE") 
  PCTFREE 10 INITRANS 2 MAXTRANS 255 COMPUTE STATISTICS 
  STORAGE(INITIAL 65536 NEXT 1048576 MINEXTENTS 1 MAXEXTENTS 2147483645
  PCTINCREASE 0 FREELISTS 1 FREELIST GROUPS 1 BUFFER_POOL DEFAULT FLASH_CACHE DEFAULT CELL_FLASH_CACHE DEFAULT)
  TABLESPACE "USERS" ;
--------------------------------------------------------
--  DDL for Index ELEVE_PK
--------------------------------------------------------

  CREATE UNIQUE INDEX "TESTER"."ELEVE_PK" ON "TESTER"."ELEVE" ("ID_ELEVE") 
  PCTFREE 10 INITRANS 2 MAXTRANS 255 COMPUTE STATISTICS 
  STORAGE(INITIAL 65536 NEXT 1048576 MINEXTENTS 1 MAXEXTENTS 2147483645
  PCTINCREASE 0 FREELISTS 1 FREELIST GROUPS 1 BUFFER_POOL DEFAULT FLASH_CACHE DEFAULT CELL_FLASH_CACHE DEFAULT)
  TABLESPACE "USERS" ;
--------------------------------------------------------
--  DDL for Index ASSISTE_PK
--------------------------------------------------------

  CREATE UNIQUE INDEX "TESTER"."ASSISTE_PK" ON "TESTER"."ASSISTE" ("REF_I", "REF_C", "MATIERE") 
  PCTFREE 10 INITRANS 2 MAXTRANS 255 COMPUTE STATISTICS 
  STORAGE(INITIAL 65536 NEXT 1048576 MINEXTENTS 1 MAXEXTENTS 2147483645
  PCTINCREASE 0 FREELISTS 1 FREELIST GROUPS 1 BUFFER_POOL DEFAULT FLASH_CACHE DEFAULT CELL_FLASH_CACHE DEFAULT)
  TABLESPACE "USERS" ;
--------------------------------------------------------
--  DDL for Index NIVEAU_PK1
--------------------------------------------------------

  CREATE UNIQUE INDEX "TESTER"."NIVEAU_PK1" ON "TESTER"."NIVEAU" ("ID_NIV") 
  PCTFREE 10 INITRANS 2 MAXTRANS 255 COMPUTE STATISTICS 
  STORAGE(INITIAL 65536 NEXT 1048576 MINEXTENTS 1 MAXEXTENTS 2147483645
  PCTINCREASE 0 FREELISTS 1 FREELIST GROUPS 1 BUFFER_POOL DEFAULT FLASH_CACHE DEFAULT CELL_FLASH_CACHE DEFAULT)
  TABLESPACE "USERS" ;
--------------------------------------------------------
--  DDL for Index INST_PK
--------------------------------------------------------

  CREATE UNIQUE INDEX "TESTER"."INST_PK" ON "TESTER"."INST" ("ID") 
  PCTFREE 10 INITRANS 2 MAXTRANS 255 COMPUTE STATISTICS 
  STORAGE(INITIAL 65536 NEXT 1048576 MINEXTENTS 1 MAXEXTENTS 2147483645
  PCTINCREASE 0 FREELISTS 1 FREELIST GROUPS 1 BUFFER_POOL DEFAULT FLASH_CACHE DEFAULT CELL_FLASH_CACHE DEFAULT)
  TABLESPACE "USERS" ;
--------------------------------------------------------
--  Constraints for Table INST
--------------------------------------------------------

  ALTER TABLE "TESTER"."INST" ADD CONSTRAINT "INST_PK" PRIMARY KEY ("ID")
  USING INDEX PCTFREE 10 INITRANS 2 MAXTRANS 255 COMPUTE STATISTICS 
  STORAGE(INITIAL 65536 NEXT 1048576 MINEXTENTS 1 MAXEXTENTS 2147483645
  PCTINCREASE 0 FREELISTS 1 FREELIST GROUPS 1 BUFFER_POOL DEFAULT FLASH_CACHE DEFAULT CELL_FLASH_CACHE DEFAULT)
  TABLESPACE "USERS"  ENABLE;
  ALTER TABLE "TESTER"."INST" MODIFY ("TEL" NOT NULL ENABLE);
  ALTER TABLE "TESTER"."INST" MODIFY ("CODEP" NOT NULL ENABLE);
  ALTER TABLE "TESTER"."INST" MODIFY ("VILLE" NOT NULL ENABLE);
  ALTER TABLE "TESTER"."INST" MODIFY ("ADRESSE" NOT NULL ENABLE);
  ALTER TABLE "TESTER"."INST" MODIFY ("GRADE" NOT NULL ENABLE);
  ALTER TABLE "TESTER"."INST" MODIFY ("IMM" NOT NULL ENABLE);
  ALTER TABLE "TESTER"."INST" MODIFY ("SEX" NOT NULL ENABLE);
  ALTER TABLE "TESTER"."INST" MODIFY ("DATEEMB" NOT NULL ENABLE);
  ALTER TABLE "TESTER"."INST" MODIFY ("NCIN" NOT NULL ENABLE);
  ALTER TABLE "TESTER"."INST" MODIFY ("DATENAISS" NOT NULL ENABLE);
  ALTER TABLE "TESTER"."INST" MODIFY ("PRENOM" NOT NULL ENABLE);
  ALTER TABLE "TESTER"."INST" MODIFY ("NOM" NOT NULL ENABLE);
  ALTER TABLE "TESTER"."INST" MODIFY ("ID" NOT NULL ENABLE);
--------------------------------------------------------
--  Constraints for Table NIVEAU
--------------------------------------------------------

  ALTER TABLE "TESTER"."NIVEAU" MODIFY ("ANNEE" NOT NULL ENABLE);
  ALTER TABLE "TESTER"."NIVEAU" MODIFY ("ID_NIV" NOT NULL ENABLE);
  ALTER TABLE "TESTER"."NIVEAU" ADD CONSTRAINT "NIVEAU_PK" PRIMARY KEY ("ID_NIV")
  USING INDEX PCTFREE 10 INITRANS 2 MAXTRANS 255 COMPUTE STATISTICS 
  STORAGE(INITIAL 65536 NEXT 1048576 MINEXTENTS 1 MAXEXTENTS 2147483645
  PCTINCREASE 0 FREELISTS 1 FREELIST GROUPS 1 BUFFER_POOL DEFAULT FLASH_CACHE DEFAULT CELL_FLASH_CACHE DEFAULT)
  TABLESPACE "USERS"  ENABLE;
  ALTER TABLE "TESTER"."NIVEAU" MODIFY ("NIV" NOT NULL ENABLE);
--------------------------------------------------------
--  Constraints for Table CLASSE
--------------------------------------------------------

  ALTER TABLE "TESTER"."CLASSE" ADD CONSTRAINT "CLASSE_PK" PRIMARY KEY ("ID_CLASSE")
  USING INDEX PCTFREE 10 INITRANS 2 MAXTRANS 255 COMPUTE STATISTICS 
  STORAGE(INITIAL 65536 NEXT 1048576 MINEXTENTS 1 MAXEXTENTS 2147483645
  PCTINCREASE 0 FREELISTS 1 FREELIST GROUPS 1 BUFFER_POOL DEFAULT FLASH_CACHE DEFAULT CELL_FLASH_CACHE DEFAULT)
  TABLESPACE "USERS"  ENABLE;
  ALTER TABLE "TESTER"."CLASSE" MODIFY ("REF_NIV" NOT NULL ENABLE);
  ALTER TABLE "TESTER"."CLASSE" MODIFY ("CAPACITE" NOT NULL ENABLE);
  ALTER TABLE "TESTER"."CLASSE" MODIFY ("NOMC" NOT NULL ENABLE);
  ALTER TABLE "TESTER"."CLASSE" MODIFY ("ID_CLASSE" NOT NULL ENABLE);
--------------------------------------------------------
--  Constraints for Table ASSISTE
--------------------------------------------------------

  ALTER TABLE "TESTER"."ASSISTE" ADD CONSTRAINT "ASSISTE_PK" PRIMARY KEY ("REF_I", "REF_C", "MATIERE")
  USING INDEX PCTFREE 10 INITRANS 2 MAXTRANS 255 COMPUTE STATISTICS 
  STORAGE(INITIAL 65536 NEXT 1048576 MINEXTENTS 1 MAXEXTENTS 2147483645
  PCTINCREASE 0 FREELISTS 1 FREELIST GROUPS 1 BUFFER_POOL DEFAULT FLASH_CACHE DEFAULT CELL_FLASH_CACHE DEFAULT)
  TABLESPACE "USERS"  ENABLE;
  ALTER TABLE "TESTER"."ASSISTE" MODIFY ("MATIERE" NOT NULL ENABLE);
  ALTER TABLE "TESTER"."ASSISTE" MODIFY ("REF_C" NOT NULL ENABLE);
  ALTER TABLE "TESTER"."ASSISTE" MODIFY ("REF_I" NOT NULL ENABLE);
--------------------------------------------------------
--  Constraints for Table ELEVE
--------------------------------------------------------

  ALTER TABLE "TESTER"."ELEVE" ADD CONSTRAINT "ELEVE_PK" PRIMARY KEY ("ID_ELEVE")
  USING INDEX PCTFREE 10 INITRANS 2 MAXTRANS 255 COMPUTE STATISTICS 
  STORAGE(INITIAL 65536 NEXT 1048576 MINEXTENTS 1 MAXEXTENTS 2147483645
  PCTINCREASE 0 FREELISTS 1 FREELIST GROUPS 1 BUFFER_POOL DEFAULT FLASH_CACHE DEFAULT CELL_FLASH_CACHE DEFAULT)
  TABLESPACE "USERS"  ENABLE;
  ALTER TABLE "TESTER"."ELEVE" MODIFY ("REF_P" NOT NULL ENABLE);
  ALTER TABLE "TESTER"."ELEVE" MODIFY ("SEX" NOT NULL ENABLE);
  ALTER TABLE "TESTER"."ELEVE" MODIFY ("CODEP" NOT NULL ENABLE);
  ALTER TABLE "TESTER"."ELEVE" MODIFY ("VILLE" NOT NULL ENABLE);
  ALTER TABLE "TESTER"."ELEVE" MODIFY ("ADRESSE" NOT NULL ENABLE);
  ALTER TABLE "TESTER"."ELEVE" MODIFY ("LIEUNAISS" NOT NULL ENABLE);
  ALTER TABLE "TESTER"."ELEVE" MODIFY ("DATENAISS" NOT NULL ENABLE);
  ALTER TABLE "TESTER"."ELEVE" MODIFY ("PRENOM" NOT NULL ENABLE);
  ALTER TABLE "TESTER"."ELEVE" MODIFY ("NOM" NOT NULL ENABLE);
  ALTER TABLE "TESTER"."ELEVE" MODIFY ("ID_ELEVE" NOT NULL ENABLE);
  ALTER TABLE "TESTER"."ELEVE" MODIFY ("DATEINS" NOT NULL ENABLE);
--------------------------------------------------------
--  Constraints for Table PARENT
--------------------------------------------------------

  ALTER TABLE "TESTER"."PARENT" ADD CONSTRAINT "PARENT_PK" PRIMARY KEY ("ID_PARENT")
  USING INDEX PCTFREE 10 INITRANS 2 MAXTRANS 255 COMPUTE STATISTICS 
  STORAGE(INITIAL 65536 NEXT 1048576 MINEXTENTS 1 MAXEXTENTS 2147483645
  PCTINCREASE 0 FREELISTS 1 FREELIST GROUPS 1 BUFFER_POOL DEFAULT FLASH_CACHE DEFAULT CELL_FLASH_CACHE DEFAULT)
  TABLESPACE "USERS"  ENABLE;
  ALTER TABLE "TESTER"."PARENT" MODIFY ("TELP" NOT NULL ENABLE);
  ALTER TABLE "TESTER"."PARENT" MODIFY ("PROFM" NOT NULL ENABLE);
  ALTER TABLE "TESTER"."PARENT" MODIFY ("NOMM" NOT NULL ENABLE);
  ALTER TABLE "TESTER"."PARENT" MODIFY ("PROFP" NOT NULL ENABLE);
  ALTER TABLE "TESTER"."PARENT" MODIFY ("NOMP" NOT NULL ENABLE);
  ALTER TABLE "TESTER"."PARENT" MODIFY ("ID_PARENT" NOT NULL ENABLE);
--------------------------------------------------------
--  Ref Constraints for Table ASSISTE
--------------------------------------------------------

  ALTER TABLE "TESTER"."ASSISTE" ADD CONSTRAINT "ASSISTE_FK1" FOREIGN KEY ("REF_I")
	  REFERENCES "TESTER"."INST" ("ID") ON DELETE CASCADE ENABLE;
  ALTER TABLE "TESTER"."ASSISTE" ADD CONSTRAINT "ASSISTE_FK2" FOREIGN KEY ("REF_C")
	  REFERENCES "TESTER"."CLASSE" ("ID_CLASSE") ENABLE;
--------------------------------------------------------
--  Ref Constraints for Table CLASSE
--------------------------------------------------------

  ALTER TABLE "TESTER"."CLASSE" ADD CONSTRAINT "CLASSE_FKN" FOREIGN KEY ("REF_NIV")
	  REFERENCES "TESTER"."NIVEAU" ("ID_NIV") ENABLE;
--------------------------------------------------------
--  Ref Constraints for Table ELEVE
--------------------------------------------------------

  ALTER TABLE "TESTER"."ELEVE" ADD CONSTRAINT "ELEVE_FKC" FOREIGN KEY ("REF_C")
	  REFERENCES "TESTER"."CLASSE" ("ID_CLASSE") ON DELETE SET NULL ENABLE;
  ALTER TABLE "TESTER"."ELEVE" ADD CONSTRAINT "ELEVE_FKN" FOREIGN KEY ("REF_NIV")
	  REFERENCES "TESTER"."NIVEAU" ("ID_NIV") ENABLE;
  ALTER TABLE "TESTER"."ELEVE" ADD CONSTRAINT "ELEVE_FKP" FOREIGN KEY ("REF_P")
	  REFERENCES "TESTER"."PARENT" ("ID_PARENT") ON DELETE SET NULL ENABLE;
